{"name":"df87c884-2e27-4eec-80d9-232b8eb5cf31","id":"/providers/Microsoft.Flow/flows/df87c884-2e27-4eec-80d9-232b8eb5cf31","type":"Microsoft.Flow/flows","properties":{"apiId":"/providers/Microsoft.PowerApps/apis/shared_logicflows","displayName":"Projeto API - 01/2024","definition":{"metadata":{"workflowEntityId":null,"processAdvisorMetadata":null,"flowChargedByPaygo":null,"flowclientsuspensionreason":"None","flowclientsuspensiontime":null,"flowclientsuspensionreasondetails":null,"creator":{"id":"e130e159-1d43-4f1d-8995-7dcd125bef1f","type":"User","tenantId":"cf72e2bd-7a2b-4783-bdeb-39d57b07f76f"},"provisioningMethod":"FromDefinition","failureAlertSubscription":true,"clientLastModifiedTime":"2024-06-10T23:32:43.6754873Z","connectionKeySavedTimeKey":"2024-06-10T23:32:43.6754873Z"},"$schema":"https://schema.management.azure.com/providers/Microsoft.Logic/schemas/2016-06-01/workflowdefinition.json#","contentVersion":"1.0.0.0","parameters":{"$authentication":{"defaultValue":{},"type":"SecureObject"},"$connections":{"defaultValue":{},"type":"Object"}},"triggers":{"Projeto_API_-_01.2024":{"recurrence":{"frequency":"Minute","interval":5},"splitOn":"@triggerOutputs()?['body']","type":"OpenApiConnection","inputs":{"host":{"apiId":"/providers/Microsoft.PowerApps/apis/shared_github","connectionName":"shared_github-1","operationId":"IssueOpened"},"authentication":"@parameters('$authentication')"}}},"actions":{"Criar_um_chat_sobre_o_projeto":{"runAfter":{},"type":"OpenApiConnection","inputs":{"parameters":{"item/members":"anderson.camargo@fatec.sp.gov.br\nlucas.barros@fatec.sp.gov.br\nbruna.lima52@fatec.sp.gov.br\ngabriel.martins67@fatec.sp.gov.br\nluiz.correa10@fatec.sp.gov.br\nmatheus.camargo11@fatec.sp.gov.br","item/topic":"Projeto API - 01/2024"},"host":{"apiId":"/providers/Microsoft.PowerApps/apis/shared_teams","connectionName":"shared_teams","operationId":"CreateChat"},"authentication":"@parameters('$authentication')"}}},"outputs":{},"description":""},"connectionReferences":{"shared_github-1":{"connectionName":"shared-github-23128bc6-dae8-463c-9769-08c28b1e60fc","source":"Embedded","id":"/providers/Microsoft.PowerApps/apis/shared_github","tier":"NotSpecified"},"shared_teams":{"connectionName":"shared-teams-32c795e3-7113-49d5-bd27-fd72f8f3ffba","source":"Embedded","id":"/providers/Microsoft.PowerApps/apis/shared_teams","tier":"NotSpecified"}},"flowFailureAlertSubscribed":false,"isManaged":false}}