{"schemaVersion":"1.0","appDefinitionTemplate":{"id":"/providers/Microsoft.PowerApps/apps/","type":"Microsoft.PowerApps/apps","tags":{"primaryDeviceWidth":"640","primaryDeviceHeight":"1136","supportsPortrait":"true","supportsLandscape":"true","primaryFormFactor":"Phone","showStatusBar":"false","publisherVersion":"3.24044.23","minimumRequiredApiVersion":"2.2.0","hasComponent":"false","hasUnlockedComponent":"false","isUnifiedRootApp":"false","sienaVersion":"20240509T235642Z-3.24044.23.0"},"properties":{"appVersion":"2024-05-09T23:56:42Z","lifeCycleId":"Published","createdByClientVersion":{"major":3,"minor":24044,"build":23,"revision":0,"majorRevision":0,"minorRevision":0},"minClientVersion":{"major":3,"minor":24044,"build":23,"revision":0,"majorRevision":0,"minorRevision":0},"backgroundColor":"RGBA(0,176,240,1)","backgroundImageUri":"/961718335790634715/N7e781436-ecec-405e-9639-62abbec3169d-logoSmallFile","displayName":"Aplicativo Meus Dados","description":"","commitMessage":"","appUris":{"documentUri":{"value":"/961718335790634715/Ne7aa55b5-e82b-47ec-ad73-3337b2c61f7a-document.msapp"},"imageUris":[],"additionalUris":[{"isSolutionAware":false,"value":"/961718335790634715/N03941db4-f71a-4588-9b04-8688edca472c-identity.json"}]},"createdTime":"0001-01-01T00:00:00Z","lastModifiedTime":"0001-01-01T00:00:00Z","sharedGroupsCount":0,"sharedUsersCount":0,"connectionReferences":{"c62b5f84-0e10-4a95-9a23-e2d18b7a48c8":{"id":"8abd992c-d882-45d7-acf7-964a40df63c8","displayName":"Excel","iconUri":"https://connectoricons-prod.azureedge.net/releases/v1.0.1686/1.0.1686.3695/excel/icon.png","dataSources":["Tabela1"],"dependencies":["33280363-4c25-4ab5-a49c-fcabfeed4ade"],"dependents":[],"parameterHints":{"33280363-4c25-4ab5-a49c-fcabfeed4ade":{"value":"fileSource"}},"parameterHintsV2":{"fileSource":{"value":"33280363-4c25-4ab5-a49c-fcabfeed4ade"}},"isOnPremiseConnection":false,"bypassConsent":false,"dataSets":{"b!jO_LomttT02VdX0hebyk19ZXF8oaeGBOgKls0sYptcakGIoYwEoeRoLynGm5F-Pc.014MT45LSQ6RFINBYIIRE3S3YBIOER7NY6":{"dataSources":{"Tabela1":{"tableName":"Tabela1"}}}},"apiTier":"Standard","isCustomApiConnection":false,"actions":["providers/PowerPlatform.Governance/Operations/Read","providers/PowerPlatform.Governance/Operations/Write","providers/PowerPlatform.Governance/Operations/Delete"]},"33280363-4c25-4ab5-a49c-fcabfeed4ade":{"id":"206131e1-5678-4dd5-bd9c-828ef9d78773","displayName":"OneDrive for Business","iconUri":"https://connectoricons-prod.azureedge.net/releases/v1.0.1689/1.0.1689.3722/onedriveforbusiness/icon.png","dataSources":[],"dependencies":[],"dependents":["c62b5f84-0e10-4a95-9a23-e2d18b7a48c8"],"parameterHints":{},"parameterHintsV2":{},"isOnPremiseConnection":false,"bypassConsent":false,"dataSets":{},"apiTier":"Standard","isCustomApiConnection":false}},"databaseReferences":{},"almMode":"Environment","performanceOptimizationEnabled":false,"canConsumeAppPass":false,"enableModernRuntimeMode":false,"executionRestrictions":{"isTeamsOnly":false,"dataLossPreventionEvaluationResult":{"status":"Compliant","lastEvaluationDate":"2024-05-09T23:56:47.5275843Z","violations":[],"violationsByPolicy":[],"violationErrorMessage":"O aplicativo usa os seguintes conectores: shared_excel, shared_onedriveforbusiness."}}},"appType":"ClassicCanvasApp","appComponents":[]}}